{"output_with_captions.mp4": {"last_music_start": 372.4491970000001}, "youtube_shorts.mp4": {"last_music_start": 434.86335699999995}}