{"output_with_captions.mp4": {"last_music_start": 372.4491970000001}, "youtube_shorts.mp4": {"last_music_start": 726.3535069999998}}